{
	"general": {
		"animationSpeed": 1.0,
		"disable_mod": false,
		"background_color": 1867534416,
		"space_modules": false,
		"shadow_text": true,
		"animations": true,
		"fontScale": 1.0
	},
	"modules_right": [
		{
			"name": "system",
			"name_color": 15328979,
			"value_color": 11781344,
			"lines": {
				"opengl_version": false,
				"display": false,
				"java_version": true,
				"gpu_driver": false,
				"memory_usage": false,
				"allocated_memory": false,
				"cpu": false,
				"gpu": true
			},
			"enabled": true
		}, 
		{
			"name": "miscright",
			"name_color": 15328979,
			"value_color": 11781344,
			"lines": {
				"misc_right": true
			},
			"enabled": true
		}, 
		{
			"name": "empty",
			"lines": {
				"": true
			},
			"enabled": true
		}, 
		{
			"name": "target",
			"name_color": 11781344,
			"value_color": 15328979,
			"lines": {
				"": true,
				"id_fluid": true,
				"fluid_tags": false,
				"block_states": true,
				"targeted_block": true,
				"block_tags": false,
				"id_block": true,
				"targeted_fluid": true,
				"targeted_entity": true,
				"fluid_states": true
			},
			"enabled": true
		}
	],
	"modules_left": [
		{
			"name": "minecraft",
			"name_color": 9287280,
			"value_color": 15328979,
			"lines": {
				"minecraft": true
			},
			"enabled": true
		}, 
		{
			"name": "empty",
			"lines": {
				"": true
			},
			"enabled": true
		}, 
		{
			"color_high": 14744541,
			"color_med": 16315331,
			"name": "fps",
			"lines": {
				"fps": true
			},
			"enabled": true,
			"color_low": 15639716
		}, 
		{
			"name": "graphics",
			"name_color": 9287280,
			"value_color": 11781344,
			"lines": {
				"shader": false,
				"render_distance": true,
				"graphics": false,
				"clouds": false,
				"biome_blend_radius": false
			},
			"enabled": true
		}, 
		{
			"name": "empty",
			"lines": {
				"": true
			},
			"enabled": true
		}, 
		{
			"color_x": 15639716,
			"color_y": 14744541,
			"color_z": 11781344,
			"name": "coords",
			"name_color": 9287280,
			"lines": {
				"chunk_coords": false,
				"player_coords": true,
				"block_coords": true,
				"chunk_relative_coords": false
			},
			"enabled": true
		}, 
		{
			"name": "empty",
			"lines": {
				"": true
			},
			"enabled": true
		}, 
		{
			"name": "location",
			"name_color": 9287280,
			"value_color": 15328979,
			"lines": {
				"light": true,
				"biome": true,
				"rotation": false,
				"facing": true,
				"local_difficulty": false,
				"days_played": true,
				"dimension": true,
				"highest_block": false,
				"highest_block_server": false,
				"light_server": false
			},
			"enabled": true
		}
	]
}